Spot_ID,Trace_ID,X,Y,Z,Chrom,Chrom_Start,Chrom_End,Cell_ID,Distance_To_Lamina,Distance_To_Nucleolus
1,1,110.5739636611,129.244672199765,1.79925511433455,19,4190000,4290000,411,1.4371291608785,0.615269335752327
2,1,110.262885072198,129.093297854944,2.31765925121164,19,5890000,5990000,411,1.69072708245796,0.809777487006545
3,1,109.743290530376,129.745430754948,1.36341800490182,19,7195510,7295510,411,0.899057069360617,0.996905034861639
4,1,109.165345345238,129.784737917591,0.915294727446869,19,8055510,8155510,411,0.311610630718308,1.72495259446156
5,1,109.17666853307,129.793967150626,0.718879799948955,19,9255510,9355510,411,0.153483458032967,1.8494539496505
6,1,109.901916173166,129.688016362803,1.22414521858833,19,10015510,10115510,411,0.837919498637308,0.99979665227111
7,1,110.444200751944,129.570229988813,1.69698085751178,19,10335510,10435510,411,1.39468059387061,0.413308539793214
8,1,110.717489317889,129.520146373466,1.77159668254475,19,10755510,10855510,411,1.42813300808164,0.39116188831269
9,1,111.779098235276,130.332686250565,2.23622979220573,19,11455510,11555510,411,2.31639235224584,0.0251328463008253
10,1,112.235735460533,130.50678933771,2.6618657446015,19,12895510,12995510,411,2.36886767813778,0.338407647185356
11,1,112.243575092027,130.56869852806,2.76099341788773,19,14895510,14995510,411,2.26643816316181,0.415851451063336
12,1,111.268737533703,129.669723136281,2.40668398140592,19,16335510,16435510,411,2.10581921131508,0.396314965538491
13,1,111.27489641084,129.603533701678,1.77998760263888,19,17195510,17295510,411,1.49229089133962,0.46752678127528
14,1,110.556249027057,129.595349840543,1.65128332830719,19,18075510,18175510,411,1.3388039571782,0.437083073727541
15,1,109.111366653535,129.82584630474,1.44407985506658,19,20915510,21015510,411,0.662283243343542,1.49126847639623
16,1,108.696985363608,129.697053218707,1.41923868919463,19,21995510,22095510,411,0.275659827053449,1.89124411151132
17,1,108.445171057764,129.779812103406,1.15307440280744,19,22535510,22635510,411,0.0218685091745141,2.21848571016632
18,1,108.336314446306,129.590219650989,1.63686497998598,19,23515510,23615510,411,0.0711183149494781,2.19445802112643
19,1,112.045571370724,129.871410928843,3.1921412684441,19,24535510,24635510,411,2.07748824673706,0.679808817461298
20,1,112.51397635267,129.899624216759,2.83163544953497,19,25235510,25335510,411,2.0197800140877,0.632575689627673
21,1,109.206842507593,129.515789058316,0.769818502266465,19,26475510,26575510,411,0.206872790405494,1.81699622915082
22,1,111.568773217967,129.679030615319,2.31257171219262,19,28755510,28855510,411,2.08669944681447,0.342894372460361
23,1,110.745403905981,129.626509892419,1.89915435743316,19,30335510,30435510,411,1.57589155316605,0.232987680615689
24,1,110.401131519852,129.819585616745,1.31313562705426,19,31135510,31235510,411,1.1506973643218,0.718553350228198
25,1,109.854400471988,129.714799520752,1.3590209149815,19,32175510,32275510,411,0.931097372473096,0.923406844951018
26,1,110.018777110632,129.876223730639,1.56859602483222,19,32875510,32975510,411,1.22113951804761,0.65581130970896
27,1,108.893104061439,130.221941909135,1.00266168888856,19,33715510,33815510,411,0.257903887001878,1.93514162997266
28,1,108.925254002895,130.25358869756,1.35383905503327,19,34475510,34575510,411,0.583202733271728,1.75332953647407
29,1,108.80871359825,130.054570518684,0.95704486894138,19,35455510,35555510,411,0.196172702152489,2.00201383303395
30,1,112.655211701393,129.439731927565,3.04762032985402,19,36375510,36475510,411,1.757142308028,1.01218221645737
31,1,112.884975258191,129.130897898938,3.0499853065672,19,37035510,37135510,411,1.442832534243,1.20126220128324
32,1,107.892518249345,129.824593644069,2.96036037326006,19,38275510,38375510,411,0.50842177026489,2.31367386126094
33,1,107.892698292072,129.909516670782,2.53994445188966,19,39795510,39895510,411,0.509194276619016,2.28780333994002
34,1,108.271040765442,129.86562243051,2.32763417673875,19,41215510,41315510,411,0.559509412083594,2.23385333635991
35,1,109.113614547982,129.837858336847,1.84682108592311,19,42775510,42875510,411,0.854162492521003,1.38233760919068
36,1,111.724070635303,129.466640350309,3.74750903079955,19,44343676,44443676,411,1.96283342291289,1.17497260502271
37,1,109.617916456454,129.562354890073,2.65877230626159,19,45355510,45455510,411,1.49545538674371,1.10168847099571
38,1,109.902387824561,129.726050870599,2.60429519799229,19,45855510,45955510,411,1.73613060266204,0.824478946007688
39,1,110.070145059297,129.806634049831,2.67129200066238,19,46235510,46335510,411,1.93060671768052,0.765913426027395
40,1,112.705179419174,129.682198709248,3.33873561694825,19,47175510,47275510,411,1.73810563597826,0.777191438534493
41,1,112.944223296848,129.61651419102,2.39631596095208,19,48995510,49095510,411,1.36773816883114,0.428213755176998
42,1,108.801429632496,129.81787713641,0.900740462602414,19,51535510,51635510,411,0.136003108039173,2.02466026818713
43,1,111.814633143999,129.267977121354,2.78275352407674,19,53255510,53355510,411,2.03641030160873,0.587339877286543
44,1,112.807922479243,129.863004355043,3.32041312884757,19,54435510,54535510,411,1.63171275856945,0.568909202932265
45,1,110.007556304038,129.561520310688,2.27523774833174,19,55775510,55875510,411,1.65650043515021,0.594505970461053
46,1,109.969529596425,129.9421957064,2.06308675874741,19,56935510,57035510,411,1.63500192124286,0.530957327748898
47,1,110.255221926178,130.112327470997,2.01437476539907,19,58395510,58495510,411,1.75050298488927,0.374574285703367
48,1,110.178626783837,130.020419863322,0.921753056892819,19,60245312,60345312,411,0.91257088716846,0.959362136086772
49,2,87.282876202396,136.657416604205,2.59436952459111,19,4190000,4290000,328,0.0472962316589559,4.51905935111529
50,2,86.9104230395093,136.665763001469,2.63207234277599,19,5890000,5990000,328,0.0873516225089815,4.49097408311204
51,2,87.1511449373084,136.904623573061,2.36033485247331,19,7195510,7295510,328,0.0332038093444677,4.60687452149358
52,2,87.5110497371291,136.788074591556,2.34444208893608,19,8055510,8155510,328,0.0315185689657277,4.46408085321829
53,2,87.7433691115815,136.529736228502,2.11178091138907,19,9255510,9355510,328,0.0787988265206278,4.13987619609526
54,2,88.3397063345542,136.721541376209,2.14324066651537,19,10015510,10115510,328,0.0468710602279633,3.92095259128018
55,2,86.4591595847086,137.319190166824,2.35645909046307,19,10335510,10435510,328,0.407444989316777,3.82817524456066
56,2,88.1003138214751,136.084474684681,2.52835387988639,19,12895510,12995510,328,0.0762320630344977,3.53964638239495
57,2,88.0099881258238,137.084720050987,2.08579087567645,19,14895510,14995510,328,0.101922286122711,4.41013307530375
58,2,85.3859710411565,136.662264171837,2.20629303653774,19,16335510,16435510,328,0.475054902390275,3.53520987182845
59,2,86.7065947672217,136.658329426423,2.02097086948451,19,17195510,17295510,328,0.223155032793013,4.48931483445394
60,2,87.6359270048798,136.417193917809,1.88592616906342,19,18075510,18175510,328,0.0974819552312834,4.16593812216361
61,2,88.400527999944,137.341243516831,2.6497227641406,19,19555510,19655510,328,0.085476604205951,4.39005712899459
62,2,86.2543846177242,136.817833042664,2.00158041066751,19,20915510,21015510,328,0.547965788232009,4.07153927603796
63,2,86.4794395280975,137.05683048754,2.04939312715287,19,21995510,22095510,328,0.443195869428694,4.07924871026017
64,2,86.745638080532,136.738488244788,2.30994532989139,19,22535510,22635510,328,0.0729514479871194,4.38933013919237
65,2,86.6403683743857,136.053096657339,2.06254822361827,19,23515510,23615510,328,0.153373370043288,4.64421050382445
66,2,86.5078134717337,136.804753686002,1.81185261884472,19,24535510,24635510,328,0.545043652503915,4.32342397749486
67,2,86.1951765017342,136.282407998595,1.90830996752028,19,25235510,25335510,328,0.572813113360564,4.41370512729907
68,2,86.7991842368982,136.339384113424,1.70393962924206,19,26475510,26575510,328,0.389403948050551,4.74835413985957
69,2,87.7302652737145,136.626078165071,1.45069302296289,19,28755510,28855510,328,0.0888923787564607,4.3084365553622
70,2,86.7371768555195,136.653675342976,1.89058132072269,19,30335510,30435510,328,0.311097731770208,4.5570854227046
71,2,85.0138561488165,136.45005722116,1.82481788781532,19,31135510,31235510,328,0.255885525252859,3.60983436075936
72,2,88.1561582395204,136.558708389087,1.56237614242651,19,32175510,32275510,328,0.0318401390489539,3.97898440493283
73,2,85.9664210188842,136.806578012787,1.92551101682378,19,32875510,32975510,328,0.790625316161739,3.90841525752749
74,2,85.8208888914005,136.278255983244,1.67444479711442,19,33715510,33815510,328,0.996057291304582,4.25408694926474
75,2,85.8068540618108,136.235754723286,1.76105427530989,19,34475510,34575510,328,0.94870710217755,4.24411752185903
76,2,86.7354084026263,136.45290115062,1.53771630823459,19,35455510,35555510,328,0.580087094363434,4.79480244892773
77,2,86.4926811403492,136.549856805989,1.6759825628586,19,36375510,36475510,328,0.584224806424261,4.51693585121423
78,2,85.855783608762,136.26902453745,1.65103420653966,19,37035510,37135510,328,0.988220042818627,4.29088115951182
79,2,86.0214214762456,136.324963650735,1.8865881785865,19,38275510,38375510,328,0.706056365229081,4.28008278493163
80,2,85.3299343673068,136.261765849005,1.62493584247226,19,39795510,39895510,328,0.63471027283278,3.99734154115916
81,2,86.3398061150811,136.47214356892,1.47637297974866,19,41215510,41315510,328,0.81178434745551,4.53620646719006
82,2,86.2759078400456,136.456148244479,1.37419981859411,19,42775510,42875510,328,0.929923107784139,4.53990995278862
83,2,86.7208489592337,136.717001223933,0.711167546119048,19,44343676,44443676,328,0.925181516549595,4.96328821676669
84,2,85.3554869946224,136.287664060802,1.55933914914216,19,44755510,44855510,328,0.658345709204773,4.01903155597072
85,2,86.4462516978685,136.571436870401,1.40090599002515,19,45355510,45455510,328,0.850261312924514,4.57220363964313
86,2,86.4334772341919,136.638227152721,0.788632792044689,19,45855510,45955510,328,1.19063455412564,4.77628033374707
87,2,87.0641295042043,136.589735174967,0.496047223926642,19,46235510,46335510,328,0.623516795773817,4.94758271650197
88,2,86.1923393290717,136.467046844673,0.798713922904679,19,47175510,47275510,328,1.42162493754998,4.72056698489884
89,2,87.7894542887294,136.248976010358,2.60876288959202,19,48995510,49095510,328,0.058098241256344,3.87196014664579
90,2,85.5471006382075,136.488859207158,1.36090689164734,19,51535510,51635510,328,0.874917839180266,4.06067634220111
91,2,85.7759400689885,136.165716319219,0.229328492673611,19,55775510,55875510,328,1.33848132759916,4.96175101858755
92,3,141.973516155932,127.74648233592,3.05857526262742,19,4190000,4290000,530,0.651645967286776,1.78034740386025
93,3,140.776043059949,126.699173161833,2.33163257586912,19,5890000,5990000,530,0.0653486467647841,3.51566757304799
94,3,141.810945697932,126.979878594032,2.15314403562833,19,7195510,7295510,530,0.226761764689908,2.70339118180957
95,3,142.548893828469,127.950400521768,2.62636706415499,19,8055510,8155510,530,1.28200188522618,1.42260574701329
96,3,141.234709843035,127.523108732024,1.32048487576238,19,9255510,9355510,530,0.168681051581082,3.27124138400333
97,3,140.414384677629,127.890808616764,1.4705125168163,19,10015510,10115510,530,0.111743622998254,3.68775380099798
98,3,140.520603714568,127.893737041719,1.41197918952415,19,10335510,10435510,530,0.0681883167460644,3.63303788931279
99,3,141.227489612832,127.924690607277,1.61347535218678,19,10755510,10855510,530,0.327143694684341,2.96164433406171
100,3,142.295777596158,128.742776982259,1.76036088583671,19,11455510,11555510,530,1.64248598284044,2.01251981267957
101,3,142.272906756467,128.313392622209,3.46158233742535,19,12895510,12995510,530,1.07572832183748,1.14911605791436
102,3,142.070943910576,127.768724998303,4.22251528342766,19,14895510,14995510,530,0.320467700219274,1.46725928441447
103,3,142.301287906392,128.144685978703,4.49559018748233,19,16335510,16435510,530,0.681411288628923,1.17906120930104
104,3,142.830302371895,127.727877313425,3.97761934740425,19,17195510,17295510,530,0.751037062499119,0.93047713025863
105,3,142.84913179423,127.759029549601,4.19094291081847,19,18075510,18175510,530,0.682570861367782,0.907720652669801
106,3,141.796585482199,127.55502960171,3.17222482712767,19,19555510,19655510,530,0.370059239314433,1.97191950746682
107,3,141.307255276996,127.286725643984,3.36015956388995,19,20915510,21015510,530,0.0250804161506264,2.44960087932706
108,3,141.461127243427,126.543015379354,3.01816605099537,19,21995510,22095510,530,0.0654973687841583,2.89249650858157
109,3,141.893632313515,127.446301030686,3.86959760093594,19,22535510,22635510,530,0.124763810059267,1.78904969025702
110,3,141.91979670086,127.303180509136,3.06385610646022,19,23515510,23615510,530,0.313005218908424,2.07044540745761
111,3,142.237850700535,127.638250794707,3.60071473472274,19,24535510,24635510,530,0.555687200552654,1.45654010956497
112,3,142.381217785523,127.560291578685,4.51633836730987,19,25235510,25335510,530,0.199868304826268,1.42633171304606
113,3,141.702615249216,126.945925290301,3.0934998959672,19,26475510,26575510,530,0.0850370058015905,2.43965780883243
114,3,141.974006311068,127.063264210284,2.50168979101287,19,28755510,28855510,530,0.251179662568439,2.39927360105854
115,3,142.440449593414,128.009800469762,3.28982007951907,19,30335510,30435510,530,1.04739770470939,1.19883211305009
116,3,143.125823778318,127.63336450761,4.00334448845747,19,31135510,31235510,530,0.759237913933879,0.907107309360929
117,3,142.367885048192,127.482056787955,2.82769848406133,19,32175510,32275510,530,0.791459924773824,1.74550206123822
118,3,142.030529076027,127.228039185741,3.43046671189032,19,32875510,32975510,530,0.220157799704829,1.91763229218914
119,3,141.798436460496,127.247068084897,3.8581155612789,19,33715510,33815510,530,0.107616481847371,1.98792304876169
120,3,141.67570056874,127.551174276195,3.34084099349234,19,34475510,34575510,530,0.223314207166121,2.02147844957422
121,3,141.286130796777,127.484924817007,3.3698637310694,19,35455510,35555510,530,0.0327405812724385,2.37137665002461
122,3,141.397823304729,127.351450303623,2.24249259545619,19,37035510,37135510,530,0.139435054838433,2.72491401793641
123,3,141.589619585334,126.880266226852,2.52426187640995,19,38275510,38375510,530,0.0528887368995779,2.76105572946684
124,3,141.654234646832,127.906700245013,4.10754345811674,19,39795510,39895510,530,0.236676923757507,1.77316281973851
125,3,140.72132515646,126.496623133517,1.6241370752335,19,41215510,41315510,530,0.0781111931233911,3.9457777343328
126,3,141.656304723409,127.857606178672,4.07922622415527,19,44755510,44855510,530,0.215371979080421,1.78776215909464
127,3,142.036937279579,128.033040170344,2.08055685679301,19,45855510,45955510,530,1.04962609279227,2.05686565369353
128,3,140.939185488481,126.589003147294,2.31356898859907,19,46235510,46335510,530,0.0761152430040341,3.46747347328285
129,3,141.516538540814,126.797587853077,2.47079179785063,19,47175510,47275510,530,0.106278893474558,2.88270116892677
130,3,141.456515877434,127.193493443285,3.65154830601915,19,48995510,49095510,530,0.095055338236806,2.31477403936021
131,3,141.882164933761,126.466237713113,3.31911612580275,19,51535510,51635510,530,0.0787021639276524,2.60283691568647
132,3,142.030849987586,126.238173871543,2.49241100660383,19,53255510,53355510,530,0.0808675065706404,3.00886106300967
133,3,141.108200682068,126.607230219509,2.45351875180374,19,55775510,55875510,530,0.101422207905958,3.29272380834552
134,3,141.63288485335,126.138542395107,3.22796965851449,19,56935510,57035510,530,0.0659026128008199,3.02365398751796
135,3,141.926992117495,126.175050881856,3.00503504487005,19,58395510,58495510,530,0.0590361583732061,2.91072286707226
136,3,141.964675036179,126.618100545593,3.51494872268396,19,60245312,60345312,530,0.0709334715506091,2.38859371857792
12069,293,141.002951702428,131.36697761807,6.7074257955951,19,4190000,4290000,530,1.61849816465308,2.93080264173013
12070,293,140.278521518593,132.266974494591,6.31607506051059,19,5890000,5990000,530,0.573180049977274,3.40633846399298
12071,293,140.112870117523,132.535290633585,6.1963863772465,19,7195510,7295510,530,0.300153803168203,3.37668195316548
12072,293,139.586720273166,131.591411205866,5.66008940208023,19,8055510,8155510,530,1.11579358236577,3.48595591007564
12073,293,140.234393078883,131.725952490117,6.32942361621508,19,9255510,9355510,530,1.03323800995412,3.42856839683726
12074,293,140.544157078521,131.752157058867,6.3897685560035,19,10015510,10115510,530,1.11214148455588,3.18210278781233
12075,293,139.759143843376,131.553909460194,5.46126657649404,19,10335510,10435510,530,1.1925295548886,3.57984720004142
12076,293,139.747840395803,132.319308635751,4.58551178466375,19,10755510,10855510,530,0.52458308241134,2.90759303958911
12077,293,139.915649483833,132.105182672216,5.76485819163941,19,11455510,11555510,530,0.676943448597309,3.36560957418388
12078,293,139.457686165814,132.000374262414,5.49116865169887,19,12895510,12995510,530,0.705551527027383,3.06113796526308
12079,293,139.536550651506,132.493162735847,4.95940897479042,19,14895510,14995510,530,0.317488977210921,2.69334655833512
12080,293,139.839127466406,132.586634430228,5.33371243620326,19,16335510,16435510,530,0.282357411864206,2.88829334085338
12081,293,140.399096397568,132.202565312399,5.88517915615715,19,17195510,17295510,530,0.744465839553456,3.12093672559831
12082,293,139.797374197298,131.478929504135,6.09604360847449,19,18075510,18175510,530,1.17172639923902,3.7445217652383
12083,293,139.32326872733,132.793428745811,5.68761927942052,19,19555510,19655510,530,0.0869920279292302,2.48058939614571
12084,293,139.569338431263,132.355926061777,5.0621023426064,19,20915510,21015510,530,0.462845448604275,2.81948672696195
12085,293,138.991093410408,133.276103882489,5.58086128235652,19,22535510,22635510,530,0.0473762139894253,1.90709509406566
12086,293,140.436389450805,131.39395095814,6.71466418311886,19,24535510,24635510,530,1.34443502723357,3.43466569045493
12087,293,139.813638348278,132.324539410515,5.27532397270958,19,28755510,28855510,530,0.514688696107554,3.03788677601965
12088,293,139.993150436697,131.294822572676,6.18676633661752,19,30335510,30435510,530,1.38071396748326,3.60807162283519
12089,293,139.3352903837,131.548936528018,5.37863506968361,19,32875510,32975510,530,1.15262026577214,3.31588160144617
12090,293,139.218788160291,132.708492875657,5.46993234418391,19,33715510,33815510,530,0.101783960001602,2.40022178873916
12091,293,139.09016397322,131.614590186107,5.5576991666585,19,34475510,34575510,530,1.06296488325045,3.16664606475552
12092,293,139.227147580833,131.577543003852,6.0455751209933,19,37035510,37135510,530,1.02339174240635,3.41082992874801
12093,293,140.26782109622,131.92952654403,5.83736192005604,19,38275510,38375510,530,0.968524305970546,3.21189083696232
12094,293,139.43263329177,132.472612610611,4.93229142673834,19,41215510,41315510,530,0.303067034167476,2.63270550658263
12095,293,139.729323782545,131.09521972661,6.66845750960363,19,42775510,42875510,530,1.44908972898788,4.06777516110829
12096,293,139.563319348011,131.908160573542,5.98482886800095,19,45355510,45455510,530,0.742566747209367,3.33474851073996
12097,293,140.098896460793,131.180279720867,6.46656338476026,19,45855510,45955510,530,1.48059290017954,3.64154071547863
12098,293,139.661246473363,131.556607178903,5.56435601196746,19,54435510,54535510,530,1.16356408686944,3.53643113074779
12099,293,139.993321325603,131.450237328203,5.85329497406908,19,55775510,55875510,530,1.29771124936494,3.48344917655153
12100,293,139.430816084129,132.154881398711,5.08068828240142,19,56935510,57035510,530,0.586603350509209,2.86686680019174
12101,293,139.406536610088,131.873009566072,4.84725468685467,19,58395510,58495510,530,0.854402412667973,3.05256573374632
12102,293,138.750396936177,131.996342530949,5.07417694375518,19,60245312,60345312,530,0.714903967356536,2.59169410969976
13802,338,107.663813441834,129.176390809015,1.2688418903531,19,4190000,4290000,411,0.1126167968826,1.5750517561629
13803,338,107.031717442232,131.147136715121,2.37247206055217,19,7195510,7295510,411,0.283563271865548,2.74850879219864
13804,338,106.903984616542,131.069412375236,3.18722329193298,19,8055510,8155510,411,0.222733055383158,2.82384636762714
13805,338,107.257727441532,130.784280702068,2.26976190815922,19,9255510,9355510,411,0.332763600173269,2.78689823689118
13806,338,107.44954980689,130.003469462672,2.61956552352516,19,10015510,10115510,411,0.597713821343456,2.17918336774397
13807,338,107.803275406916,130.371133173112,2.16422056425274,19,10335510,10435510,411,0.396757927765161,2.58632401590972
13808,338,107.347433011773,131.18058179722,2.97839663673522,19,11455510,11555510,411,0.384640066748387,2.85639610909521
13809,338,107.312040612429,130.552937705389,1.66074758073538,19,12895510,12995510,411,0.100699033087701,2.57220408540978
13810,338,107.271558755105,129.798273932271,1.52617850546683,19,14895510,14995510,411,0.0458356842247589,1.86328775265233
13811,338,107.402287497858,129.740622461628,1.12993019639109,19,17195510,17295510,411,0.0651072952050147,1.95815256093613
13812,338,107.603418703326,129.650102141418,1.13143993598946,19,18075510,18175510,411,0.0484171625021864,1.96052581457956
13813,338,107.364921677485,129.074211688111,1.09354635865323,19,19555510,19655510,411,0.0896089021408727,1.37827963237437
13814,338,107.198030855409,129.050376377839,1.34106626736136,19,20915510,21015510,411,0.0510822467983643,1.21303945022999
13815,338,107.318614773929,129.074193610206,1.25085724714642,19,21995510,22095510,411,0.104476158032455,1.31011763628767
13816,338,108.445171057764,129.779812103406,1.15307440280744,19,22535510,22635510,411,0.0218685091745141,2.21848571016632
13817,338,108.336314446306,129.590219650989,1.63686497998598,19,23515510,23615510,411,0.0711183149494781,2.19445802112643
13818,338,107.372200114641,129.911349521352,1.08988592871889,19,24535510,24635510,411,0.0824055525416062,2.10859344112834
13819,338,108.959697044374,129.758197893034,1.50254807563549,19,25235510,25335510,411,0.549011178926284,1.61300040748131
13820,338,109.206842507593,129.515789058316,0.769818502266465,19,26475510,26575510,411,0.206872790405494,1.81699622915082
13821,338,107.35015075177,130.526097377839,2.64121068784391,19,30335510,30435510,411,0.693771888389371,2.62496811818894
13822,338,107.559086699721,130.783368620778,2.22408346192378,19,31135510,31235510,411,0.200605331499904,2.86904775680107
13823,338,107.629819370058,131.378700676547,2.08551041390162,19,32175510,32275510,411,0.0958765648450361,2.85954739998853
13824,338,107.545922622767,129.66725110251,1.88338653398128,19,33715510,33815510,411,0.0995280101445225,1.84379483709871
13825,338,107.619297754292,130.145128237621,2.47343969924547,19,34475510,34575510,411,0.651165954177332,2.34058230711096
13826,338,107.02517950423,131.368592117553,3.0195811816828,19,35455510,35555510,411,0.210881228751842,2.55883739036662
13827,338,107.615176054904,130.127988970887,2.39316653594455,19,36375510,36475510,411,0.601776691073669,2.30963993566651
13828,338,109.396801292535,129.981966252002,2.95615036632197,19,37035510,37135510,411,1.57487149025171,1.43981909469952
13829,338,107.878161320661,129.824562616524,2.91616101320553,19,38275510,38375510,411,0.505970916750297,2.29263315682634
13830,338,107.097697645165,131.698815919286,2.93918831383704,19,39795510,39895510,411,0.0619923732070198,2.28110285421243
13831,338,108.320354542898,129.840430413484,2.21865577732345,19,41215510,41315510,411,0.483645705703827,2.1722647973772
13832,338,109.113614547982,129.837858336847,1.84682108592311,19,42775510,42875510,411,0.854162492521003,1.38233760919068
13833,338,109.617916456454,129.562354890073,2.65877230626159,19,45355510,45455510,411,1.49545538674371,1.10168847099571
13834,338,109.902387824561,129.726050870599,2.60429519799229,19,45855510,45955510,411,1.73613060266204,0.824478946007688
13835,338,110.070145059297,129.806634049831,2.67129200066238,19,46235510,46335510,411,1.93060671768052,0.765913426027395
13836,338,109.911303159934,129.756482113111,2.30339814978495,19,47175510,47275510,411,1.6305581627677,0.638735702120049
13837,338,108.801429632496,129.81787713641,0.900740462602414,19,51535510,51635510,411,0.136003108039173,2.02466026818713
13838,338,108.043233508615,130.095076368319,2.45801597836164,19,54435510,54535510,411,0.64319703122694,2.49421293750377
13839,338,110.007556304038,129.561520310688,2.27523774833174,19,55775510,55875510,411,1.65650043515021,0.594505970461053
13840,338,109.969529596425,129.9421957064,2.06308675874741,19,56935510,57035510,411,1.63500192124286,0.530957327748898
13841,338,107.153707348138,131.808998391454,3.02364789069664,19,58395510,58495510,411,0.061120169809608,2.22562640988203
13842,338,110.178626783837,130.020419863322,0.921753056892819,19,60245312,60345312,411,0.91257088716846,0.959362136086772
15373,377,87.5589604336074,139.832304885939,5.35923223227199,19,4190000,4290000,328,0.308573022181127,4.18449897862337
15374,377,88.1080804515428,139.781971227258,5.2039401188618,19,5890000,5990000,328,0.399919136927817,4.69094553035346
15375,377,88.575509057137,140.158369804169,5.48066579079557,19,7195510,7295510,328,0.0901833503139238,4.76262912530466
15376,377,88.0838545123739,140.320232901902,5.50742170393462,19,8055510,8155510,328,0.183101455938285,4.77320761848848
15377,377,87.9488999063836,140.014081445411,4.8978552827218,19,10015510,10115510,328,0.534199653608532,4.50489777800017
15378,377,87.9447966084884,139.876855848426,5.19620610985936,19,10335510,10435510,328,0.489030953126596,4.53263526387224
15379,377,87.9321926431601,139.86101287001,5.11229579211558,19,10755510,10855510,328,0.540226586583369,4.50591829157861
15380,377,87.7847807373143,139.612402165189,5.11209993988568,19,11455510,11555510,328,0.500542445576826,4.35513859798689
15381,377,87.5401389439337,139.204419811552,5.1032884829369,19,12895510,12995510,328,0.250510450050537,4.1355791462934
15382,377,89.1070915738669,139.947840377793,6.03824022316741,19,14895510,14995510,328,0.0713196841910042,4.13585738354527
15383,377,87.8745080216414,139.452270154933,5.09668911901162,19,16335510,16435510,328,0.491571243247631,4.4454423756174
15384,377,88.626252177553,139.318523127238,4.92548647254135,19,17195510,17295510,328,0.112982674975221,4.73907819026527
15385,377,87.5834091082028,140.100145965047,5.27425602908874,19,20915510,21015510,328,0.563260475057412,4.21085038895087
15386,377,88.0900331495088,139.693596206175,4.68646860197892,19,21995510,22095510,328,0.304084874956432,4.61360862524456
15387,377,87.8192153835725,139.563994140998,4.17209076240222,19,22535510,22635510,328,0.681048174559441,4.33565203363099
15388,377,88.8118622412371,140.885302671438,5.41233647684744,19,23515510,23615510,328,0.0496945128402861,4.70540131162497
15389,377,87.6339479086401,140.166293952061,4.78994298871196,19,24535510,24635510,328,0.734232935007018,4.19841271908472
15390,377,88.0337135836991,140.389190461844,5.11466907235774,19,25235510,25335510,328,0.351703422217082,4.66135696616054
15391,377,88.7181015975238,140.663109761016,5.67129460470946,19,26475510,26575510,328,0.106276082071947,4.68663829261179
15392,377,88.2278781006965,140.584914856201,4.85379605050731,19,28755510,28855510,328,0.141140196644947,4.85509555234558
15393,377,87.8385884993952,139.858775442289,3.86195938907511,19,30335510,30435510,328,0.674465792555222,4.36964822451054
15394,377,88.8452200177498,140.001292732264,4.80437447129909,19,31135510,31235510,328,0.0708958126266947,4.61804252496783
15395,377,88.7208089388416,139.4576388323,4.42969460931227,19,32175510,32275510,328,0.0810834826205513,4.75787366404697
15396,377,87.3561372770245,140.108729292878,4.21883838904195,19,32875510,32975510,328,0.838117605467949,3.90547103516478
15397,377,88.7003688552651,140.575908056467,4.72048854044889,19,33715510,33815510,328,0.051024681758232,4.87944145825409
15398,377,88.0161470337842,140.920940887629,4.56777100342464,19,35455510,35555510,328,0.100960643195365,4.7107094468379
15399,377,89.1750121213828,140.443840646844,5.17450321903504,19,38275510,38375510,328,0.0599307245908487,4.30954795343473
15400,377,87.9188583311894,139.637143955041,4.16736985704619,19,39795510,39895510,328,0.590929222357802,4.43641078222542
15401,377,87.5158701111683,139.616671422396,4.01531315504146,19,41215510,41315510,328,0.937035610490723,4.0326936891859
15402,377,88.5928785417309,140.258513402873,4.39791130608272,19,45355510,45455510,328,0.0288525886494629,5.00018270524267
15403,377,88.6212788238664,139.939557991258,4.10063513294724,19,47175510,47275510,328,0.0781611700439295,5.00304532058407
15404,377,89.5909198969323,139.892994092301,6.01743795660045,19,48995510,49095510,328,0.0729736656440737,3.65368853361541
15405,377,87.9223574057021,141.389275356465,4.48213260963439,19,51535510,51635510,328,0.10131023968507,4.76949208765424
15406,377,89.1909451379403,140.80712913058,4.95188880680046,19,53255510,53355510,328,0.046745311537119,4.43291208361916
15407,377,88.7877496180323,140.191895692547,4.23508246739293,19,54435510,54535510,328,0.0767080971474639,4.85656411775145
15408,377,90.2389040471247,139.64505025753,6.12009267010391,19,55775510,55875510,328,0.362168023510611,2.98291934293728
15409,377,88.0182597086061,141.018333375248,4.14783235345613,19,58395510,58495510,328,0.137174433141651,4.74617466890918
15410,377,88.4809884744427,141.171889101007,4.48065612812754,19,60245312,60345312,328,0.100867522490273,5.22563203828629
17745,439,87.2980787841357,136.666656996146,2.5948350509383,19,4190000,4290000,328,0.0403887759229869,4.51473347746096
17746,439,86.9104230395093,136.665763001469,2.63207234277599,19,5890000,5990000,328,0.0873516225089815,4.49097408311204
17747,439,87.1190550979337,136.907476070588,2.36693591206881,19,7195510,7295510,328,0.0459583209582757,4.57757864997537
17748,439,87.5110497371291,136.788074591556,2.34444208893608,19,8055510,8155510,328,0.0315185689657277,4.46408085321829
17749,439,87.7433691115815,136.529736228502,2.11178091138907,19,9255510,9355510,328,0.0787988265206278,4.13987619609526
17750,439,87.4338137061416,136.497383076708,1.89775434115029,19,10015510,10115510,328,0.0824926200330921,4.36051173859243
17751,439,88.1782791415123,136.644594553686,2.20478102200871,19,10335510,10435510,328,0.0678605974806506,3.94350591161707
17752,439,88.7485204606461,136.963425242818,1.59550145744726,19,10755510,10855510,328,0.0771699560126066,4.01356911896502
17753,439,88.2842069855473,137.617839633314,0.653851697935045,19,11455510,11555510,328,0.327935425082977,4.97714653144122
17754,439,88.3071283953588,137.186847610201,2.02037301989824,19,12895510,12995510,328,0.0846080460193685,4.34460307444554
17755,439,87.6090423690414,136.293139051055,2.06649551766211,19,14895510,14995510,328,0.100342161752992,4.06984295872253
17756,439,87.9707116956125,136.810143828644,1.86544788886234,19,16335510,16435510,328,0.100994007496235,4.24664296603431
17757,439,86.7065947672217,136.658329426423,2.02097086948451,19,17195510,17295510,328,0.223155032793013,4.48931483445394
17758,439,87.6359270048798,136.417193917809,1.88592616906342,19,18075510,18175510,328,0.0974819552312834,4.16593812216361
17759,439,88.400527999944,137.341243516831,2.6497227641406,19,19555510,19655510,328,0.085476604205951,4.39005712899459
17760,439,86.2543846177242,136.817833042664,2.00158041066751,19,20915510,21015510,328,0.547965788232009,4.07153927603796
17761,439,86.4583649071213,137.044269525687,2.08825715951289,19,21995510,22095510,328,0.425898064508785,4.05855250498489
17762,439,86.745638080532,136.738488244788,2.30994532989139,19,22535510,22635510,328,0.0729514479871194,4.38933013919237
17763,439,86.623702763216,136.073373127591,2.05123859894788,19,23515510,23615510,328,0.17481895536751,4.67074454420339
17764,439,86.450667785404,136.726728626471,2.05472331631696,19,24535510,24635510,328,0.369872136198185,4.24987852236092
17765,439,88.2215491387082,137.179970962257,1.41603215016779,19,25235510,25335510,328,0.0791142635231074,4.47465116611014
17766,439,88.316257250869,136.726898926591,1.75382499159125,19,26475510,26575510,328,0.0630701892047382,4.00486194986476
17767,439,87.7302652737145,136.626078165071,1.45069302296289,19,28755510,28855510,328,0.0888923787564607,4.3084365553622
17768,439,87.5591410210855,136.855516748117,0.974794866704002,19,30335510,30435510,328,0.275091860293066,4.67528670398617
17769,439,88.1797240232081,136.588224844701,1.68008244838216,19,32175510,32275510,328,0.0937858348895062,3.9768376663264
17770,439,85.9903158639682,136.806603019481,1.9803480810928,19,32875510,32975510,328,0.741113095693821,3.90439269427595
17771,439,85.8179766992919,136.278274117209,1.6359897694704,19,33715510,33815510,328,1.02531732794211,4.26644312069752
17772,439,85.8101973685695,136.21663336349,1.82148906649498,19,34475510,34575510,328,0.905725585010856,4.23921059911679
17773,439,86.7353800304556,136.455322119011,1.56087659268459,19,35455510,35555510,328,0.563861199651292,4.78516808891791
17774,439,86.4926811403492,136.549856805989,1.6759825628586,19,36375510,36475510,328,0.584224806424261,4.51693585121423
17775,439,85.855783608762,136.26902453745,1.65103420653966,19,37035510,37135510,328,0.988220042818627,4.29088115951182
17776,439,89.0645181314268,136.833892146584,1.9508505804815,19,38275510,38375510,328,0.0581433041084286,3.70460868562062
17777,439,85.361002988886,136.264711178678,1.6351233036276,19,39795510,39895510,328,0.657678256999347,4.0080709113691
17778,439,86.3450597461339,136.472131727759,1.50763113701213,19,41215510,41315510,328,0.782507508522976,4.52861000418285
17779,439,86.2759078400456,136.456148244479,1.37419981859411,19,42775510,42875510,328,0.929923107784139,4.53990995278862
17780,439,86.7036508527794,136.716994987012,0.713535009882116,19,44343676,44443676,328,0.941640802046676,4.95023589684858
17781,439,85.3554869946224,136.287664060802,1.55933914914216,19,44755510,44855510,328,0.658345709204773,4.01903155597072
17782,439,86.4202126948003,136.57143379333,1.4343895708611,19,45355510,45455510,328,0.830076041380748,4.54229662594315
17783,439,86.4429392178174,136.61271685806,0.838776365281968,19,45855510,45955510,328,1.17999533300876,4.77429364139101
17784,439,87.0641295042043,136.589735174967,0.496047223926642,19,46235510,46335510,328,0.623516795773817,4.94758271650197
17785,439,86.1923393290717,136.467046844673,0.798713922904679,19,47175510,47275510,328,1.42162493754998,4.72056698489884
17786,439,87.7894542887294,136.248976010358,2.60876288959202,19,48995510,49095510,328,0.058098241256344,3.87196014664579
17787,439,85.5471006382075,136.488859207158,1.36090689164734,19,51535510,51635510,328,0.874917839180266,4.06067634220111
17788,439,85.7759400689885,136.165716319219,0.229328492673611,19,55775510,55875510,328,1.33848132759916,4.96175101858755
20082,500,90.1008955105898,140.351231933064,5.18604868779041,19,4190000,4290000,328,0.38272524709444,3.40209068940617
20083,500,89.3857198702913,139.443972257087,5.29281136616701,19,7195510,7295510,328,0.100443414354662,3.93282681408043
20084,500,90.0744575178408,139.699079260735,5.19709921376854,19,10015510,10115510,328,0.1960116790542,3.30934979274201
20085,500,89.6575686702008,139.58162890004,4.86114530054776,19,10335510,10435510,328,0.0967438871481404,3.76422047140725
20086,500,89.4576007438934,140.361356444908,5.80214725159417,19,11455510,11555510,328,0.0339680755865082,3.88677482257181
20087,500,89.1071721207663,139.911157054777,5.98145566378464,19,14895510,14995510,328,0.0340652935797402,4.1380127142479
20088,500,90.1368393220806,139.6799629647,5.52516306968741,19,16335510,16435510,328,0.232693954561557,3.16693263644403
20089,500,90.202190455806,138.669922150473,5.70273802518915,19,17195510,17295510,328,0.127638305355807,3.01926090954904
20090,500,89.8441265704189,139.540810971133,5.59141369698799,19,18075510,18175510,328,0.0557231563439415,3.42656261509487
20091,500,89.9609424906004,139.620698231453,5.48044582022434,19,20915510,21015510,328,0.119972247237065,3.34140892817708
20092,500,90.3257117691589,140.583667219492,4.63521544796455,19,21995510,22095510,328,0.642543123463397,3.41665942454677
20093,500,90.0587450743638,140.996520858981,5.16364314669059,19,23515510,23615510,328,0.537797258178004,3.67203155081801
20094,500,90.2797907256402,139.677607436135,5.43390877659514,19,24535510,24635510,328,0.343368226030278,3.05085152641193
20095,500,90.0176188877152,139.893634283798,5.41214347460968,19,25235510,25335510,328,0.156139215673786,3.33854540867048
20096,500,88.7220079332474,140.747896922805,5.61027762021433,19,26475510,26575510,328,0.0727199265981116,4.71421207210647
20097,500,89.7045668206296,140.387653575052,5.3046704359283,19,28755510,28855510,328,0.0783314935448418,3.76924630353859
20098,500,89.779950420229,141.393203006894,6.23957746831088,19,30335510,30435510,328,0.444807348114317,3.89979522934199
20099,500,89.4671385689225,139.997877346317,6.05541609489649,19,31135510,31235510,328,0.0992165592573511,3.78357682016628
20100,500,90.1001602413415,139.721041491192,5.67601715771295,19,32175510,32275510,328,0.237965970546759,3.17775257867198
20101,500,89.9137542639223,139.240514395881,5.76520906284311,19,32875510,32975510,328,0.0587844760176639,3.3226006686807
20102,500,90.2800411040973,139.228389492965,5.8943012444343,19,33715510,33815510,328,0.303820895037476,2.94285856350985
20103,500,89.8102305495805,139.396544900115,5.91092342750198,19,34475510,34575510,328,0.0696421335079763,3.40930524199402
20104,500,90.2209809574341,138.890880254322,6.03189773681677,19,35455510,35555510,328,0.141952189236844,2.98508327549948
20105,500,89.9995472802983,139.527623380514,5.808349410353,19,36375510,36475510,328,0.045260463597683,3.2383324653223
20106,500,89.5005174011955,139.264346619048,6.04260098419825,19,37035510,37135510,328,0.0920497111436081,3.70843421263979
20107,500,89.9651837300107,139.124045439001,6.10638734528084,19,38275510,38375510,328,0.0849635107078488,3.24111901273432
20108,500,89.4427656232146,140.14787706459,6.3867341796501,19,39795510,39895510,328,0.0187942370269972,3.81089093356023
20109,500,89.8035005101262,139.757596462833,6.2904529008195,19,41215510,41315510,328,0.0924645043435687,3.41044214523724
20110,500,90.2276365462302,141.721465102546,5.79900682779006,19,42775510,42875510,328,0.901541904823322,3.69857235731266
20111,500,90.1938888630656,140.327384737631,6.14584159165855,19,44343676,44443676,328,0.506656532430542,3.1250671250137
20112,500,89.9692372894386,139.597722222416,6.09832964815625,19,45355510,45455510,328,0.114393533156493,3.24920698517146
20113,500,90.0085104499023,140.21585179113,6.00288393873643,19,45855510,45955510,328,0.292026347501324,3.29440878509036
20114,500,89.7606201981792,139.847525697692,5.96144783608415,19,47175510,47275510,328,0.0238737151482065,3.48863081096491
20115,500,89.5909198969323,139.892994092301,6.01743795660045,19,48995510,49095510,328,0.0729736656440737,3.65368853361541
20116,500,90.1851450854344,141.044020670267,6.12191637592338,19,51535510,51635510,328,0.734656660625612,3.38830599287811
20117,500,90.4250341801315,139.595192992542,6.22534398955507,19,53255510,53355510,328,0.534889487457897,2.78689321955455
20118,500,88.7877496180323,140.191895692547,4.23508246739293,19,54435510,54535510,328,0.0767080971474639,4.85656411775145
20119,500,89.9537868850581,140.995643000516,4.91159713686907,19,56935510,57035510,328,0.409650291630594,3.81744059323328
20120,500,90.4997763164913,140.272686517033,5.30786298585064,19,58395510,58495510,328,0.738522936135966,2.98185877000016
20121,500,88.4888378714718,141.146153184457,4.48257678180184,19,60245312,60345312,328,0.0906778255685247,5.22570261578326
21166,527,110.546644219999,129.244904352776,1.77175535878763,19,4190000,4290000,411,1.41298542196044,0.62713536974974
21167,527,110.26289472947,129.081336725508,2.34441679148482,19,5890000,5990000,411,1.69537638172091,0.830327520398186
21168,527,109.743290530376,129.745430754948,1.36341800490182,19,7195510,7295510,411,0.899057069360617,0.996905034861639
21169,527,109.197933356157,129.784724035563,0.958663572137986,19,8055510,8155510,411,0.361393672883707,1.67213745758482
21170,527,109.17666853307,129.793967150626,0.718879799948955,19,9255510,9355510,411,0.153483458032967,1.8494539496505
21171,527,109.914261961209,129.688019954192,1.23802818035978,19,10015510,10115510,411,0.855731742366034,0.981466346580557
21172,527,110.444662302124,129.570395632669,1.69795617833351,19,10335510,10435510,411,1.39555406448944,0.412387506808572
21173,527,110.71668407827,129.523999039642,1.71379448870231,19,10755510,10855510,411,1.37223774217795,0.428449411474273
21174,527,110.76251980226,129.48138646414,0.973370527470152,19,14895510,14995510,411,0.648761389376605,0.88284919630905
21175,527,111.268737533703,129.669723136281,2.40668398140592,19,16335510,16435510,411,2.10581921131508,0.396314965538491
21176,527,110.809077291494,129.356575912936,1.72647744915819,19,17195510,17295510,411,1.36109196241464,0.55965466309554
21177,527,110.556249027057,129.595349840543,1.65128332830719,19,18075510,18175510,411,1.3388039571782,0.437083073727541
21178,527,109.111366653535,129.82584630474,1.44407985506658,19,20915510,21015510,411,0.662283243343542,1.49126847639623
21179,527,108.696985363608,129.697053218707,1.41923868919463,19,21995510,22095510,411,0.275659827053449,1.89124411151132
21180,527,108.445171057764,129.779812103406,1.15307440280744,19,22535510,22635510,411,0.0218685091745141,2.21848571016632
21181,527,108.336314446306,129.590219650989,1.63686497998598,19,23515510,23615510,411,0.0711183149494781,2.19445802112643
21182,527,108.905817971873,129.645177334534,1.85600645369753,19,24535510,24635510,411,0.592022355004306,1.5965708703501
21183,527,108.959707116583,129.756322360056,1.47332731909905,19,25235510,25335510,411,0.531173016093864,1.62279292283433
21184,527,109.206842507593,129.515789058316,0.769818502266465,19,26475510,26575510,411,0.206872790405494,1.81699622915082
21185,527,111.550140387924,129.679142279434,2.33221602715918,19,28755510,28855510,411,2.09954465486093,0.325195664815799
21186,527,110.745403905981,129.626509892419,1.89915435743316,19,30335510,30435510,411,1.57589155316605,0.232987680615689
21187,527,110.428989841615,129.798131311996,1.35087207980133,19,31135510,31235510,411,1.16414010149424,0.678483269114957
21188,527,109.873717160291,129.710399306705,1.32421271463399,19,32175510,32275510,411,0.909840637774799,0.936667330803583
21189,527,110.018777110632,129.876223730639,1.56859602483222,19,32875510,32975510,411,1.22113951804761,0.65581130970896
21190,527,108.893111559599,130.217172689595,1.01174823796485,19,33715510,33815510,411,0.266090796011469,1.92934424336518
21191,527,108.925254002895,130.25358869756,1.35383905503327,19,34475510,34575510,411,0.583202733271728,1.75332953647407
21192,527,108.80871359825,130.054570518684,0.95704486894138,19,35455510,35555510,411,0.196172702152489,2.00201383303395
21193,527,109.400583810681,129.921720376459,2.06575595701915,19,36375510,36475510,411,1.18480544255583,1.08925586985563
21194,527,109.573147904986,130.245446538027,2.781393808991,19,37035510,37135510,411,1.72220952100029,1.25831580389429
21195,527,107.892518249345,129.824593644069,2.96036037326006,19,38275510,38375510,411,0.50842177026489,2.31367386126094
21196,527,107.892698292072,129.909516670782,2.53994445188966,19,39795510,39895510,411,0.509194276619016,2.28780333994002
21197,527,108.271040765442,129.86562243051,2.32763417673875,19,41215510,41315510,411,0.559509412083594,2.23385333635991
21198,527,109.113401076949,129.84318066518,1.8253050821324,19,42775510,42875510,411,0.843889467565399,1.38560992335486
21199,527,111.710947630046,129.469629430983,3.76866188190413,19,44343676,44443676,411,1.95248416632972,1.19379345126717
21200,527,109.617916456454,129.562354890073,2.65877230626159,19,45355510,45455510,411,1.49545538674371,1.10168847099571
21201,527,109.902387824561,129.726050870599,2.60429519799229,19,45855510,45955510,411,1.73613060266204,0.824478946007688
21202,527,110.070145059297,129.806634049831,2.67129200066238,19,46235510,46335510,411,1.93060671768052,0.765913426027395
21203,527,109.911303159934,129.756482113111,2.30339814978495,19,47175510,47275510,411,1.6305581627677,0.638735702120049
21204,527,110.407403220797,130.658796873458,1.85250660785392,19,48995510,49095510,411,1.74179925943951,0.592463561548019
21205,527,108.801429632496,129.81787713641,0.900740462602414,19,51535510,51635510,411,0.136003108039173,2.02466026818713
21206,527,111.815023824458,129.230954417597,2.7901224184792,19,53255510,53355510,411,2.01781453767635,0.624003558242811
21207,527,108.084755531266,130.095258890829,2.47781785639463,19,54435510,54535510,411,0.668440480179823,2.45717307947043
21208,527,109.885937104893,129.681801067682,2.35161967171068,19,55775510,55875510,411,1.60269163012993,0.693643182615186
21209,527,109.949453005475,129.947823469114,2.10490331547145,19,56935510,57035510,411,1.6661396534398,0.556061774008689
21210,527,110.255221926178,130.112327470997,2.01437476539907,19,58395510,58495510,411,1.75050298488927,0.374574285703367
21211,527,110.162679675905,130.020344926411,0.948373313915826,19,60245312,60345312,411,0.917943327975679,0.965456402286459
21476,535,109.743290530376,129.745430754948,1.36341800490182,19,7195510,7295510,411,0.899057069360617,0.996905034861639
21477,535,109.197933356157,129.784724035563,0.958663572137986,19,8055510,8155510,411,0.361393672883707,1.67213745758482
21478,535,109.17666853307,129.793967150626,0.718879799948955,19,9255510,9355510,411,0.153483458032967,1.8494539496505
21479,535,109.914261961209,129.688019954192,1.23802818035978,19,10015510,10115510,411,0.855731742366034,0.981466346580557
21480,535,110.44423906982,129.54399565421,1.71343163051556,19,10335510,10435510,411,1.40452371196624,0.416918003339247
21481,535,110.71668407827,129.523999039642,1.71379448870231,19,10755510,10855510,411,1.37223774217795,0.428449411474273
21482,535,110.76251980226,129.48138646414,0.973370527470152,19,14895510,14995510,411,0.648761389376605,0.88284919630905
21483,535,109.613625053898,129.859911566478,2.08596800087839,19,16335510,16435510,411,1.34671948074209,0.873482406720549
21484,535,111.277890286318,129.585229060397,1.82155990113899,19,17195510,17295510,411,1.52810746412056,0.480994495335233
21485,535,110.556249027057,129.595349840543,1.65128332830719,19,18075510,18175510,411,1.3388039571782,0.437083073727541
21486,535,108.196099710053,130.065970515311,1.72512023708495,19,19555510,19655510,411,0.172669856010695,2.32121417942789
21487,535,109.111366653535,129.82584630474,1.44407985506658,19,20915510,21015510,411,0.662283243343542,1.49126847639623
21488,535,108.701805220268,129.697006081601,1.39144006075411,19,21995510,22095510,411,0.27631615303722,1.89582928734215
21489,535,108.445171057764,129.779812103406,1.15307440280744,19,22535510,22635510,411,0.0218685091745141,2.21848571016632
21490,535,108.336389393025,129.55679498171,1.60743569652825,19,23515510,23615510,411,0.0415431190310768,2.2034873938845
21491,535,108.90570683814,129.609281579824,1.82859604744921,19,24535510,24635510,411,0.577083956085876,1.60407621871183
21492,535,108.951152044922,129.755842018494,1.51257549913583,19,25235510,25335510,411,0.546448602912579,1.61794827143541
21493,535,109.206842507593,129.515789058316,0.769818502266465,19,26475510,26575510,411,0.206872790405494,1.81699622915082
21494,535,111.550140387924,129.679142279434,2.33221602715918,19,28755510,28855510,411,2.09954465486093,0.325195664815799
21495,535,110.745403905981,129.626509892419,1.89915435743316,19,30335510,30435510,411,1.57589155316605,0.232987680615689
21496,535,110.401131519852,129.819585616745,1.31313562705426,19,31135510,31235510,411,1.1506973643218,0.718553350228198
21497,535,109.854400471988,129.714799520752,1.3590209149815,19,32175510,32275510,411,0.931097372473096,0.923406844951018
21498,535,110.018777110632,129.876223730639,1.56859602483222,19,32875510,32975510,411,1.22113951804761,0.65581130970896
21499,535,108.893104061439,130.221941909135,1.00266168888856,19,33715510,33815510,411,0.257903887001878,1.93514162997266
21500,535,108.925112629345,130.240646998486,1.35278192602355,19,34475510,34575510,411,0.576936476498295,1.7506771635049
21501,535,108.833572369825,130.061880549585,0.904575838788047,19,35455510,35555510,411,0.151779403750958,2.01095688016095
21502,535,109.400583810681,129.921720376459,2.06575595701915,19,36375510,36475510,411,1.18480544255583,1.08925586985563
21503,535,109.57453825671,130.269086165606,2.78847602430169,19,37035510,37135510,411,1.71595898900752,1.2698141079355
21504,535,107.892518249345,129.824593644069,2.96036037326006,19,38275510,38375510,411,0.50842177026489,2.31367386126094
21505,535,107.892698292072,129.909516670782,2.53994445188966,19,39795510,39895510,411,0.509194276619016,2.28780333994002
21506,535,108.271040765442,129.86562243051,2.32763417673875,19,41215510,41315510,411,0.559509412083594,2.23385333635991
21507,535,108.411919630228,130.148016996761,1.3706110651158,19,42775510,42875510,411,0.174621823246649,2.19873792745169
21508,535,111.710947630046,129.469629430983,3.76866188190413,19,44343676,44443676,411,1.95248416632972,1.19379345126717
21509,535,109.617916456454,129.562354890073,2.65877230626159,19,45355510,45455510,411,1.49545538674371,1.10168847099571
21510,535,109.902387824561,129.726050870599,2.60429519799229,19,45855510,45955510,411,1.73613060266204,0.824478946007688
21511,535,110.070145059297,129.806634049831,2.67129200066238,19,46235510,46335510,411,1.93060671768052,0.765913426027395
21512,535,109.911303159934,129.756482113111,2.30339814978495,19,47175510,47275510,411,1.6305581627677,0.638735702120049
21513,535,108.801429632496,129.81787713641,0.900740462602414,19,51535510,51635510,411,0.136003108039173,2.02466026818713
21514,535,111.815023824458,129.230954417597,2.7901224184792,19,53255510,53355510,411,2.01781453767635,0.624003558242811
21515,535,108.084755531266,130.095258890829,2.47781785639463,19,54435510,54535510,411,0.668440480179823,2.45717307947043
21516,535,110.007556304038,129.561520310688,2.27523774833174,19,55775510,55875510,411,1.65650043515021,0.594505970461053
21517,535,109.969529596425,129.9421957064,2.06308675874741,19,56935510,57035510,411,1.63500192124286,0.530957327748898
21518,535,110.255221926178,130.112327470997,2.01437476539907,19,58395510,58495510,411,1.75050298488927,0.374574285703367
21519,535,110.178626783837,130.020419863322,0.921753056892819,19,60245312,60345312,411,0.91257088716846,0.959362136086772
21520,536,110.546660947279,129.271656046573,1.78790291892456,19,4190000,4290000,411,1.42924193086707,0.596220296113679
21521,536,110.26289472947,129.081336725508,2.34441679148482,19,5890000,5990000,411,1.69537638172091,0.830327520398186
21522,536,110.15158458873,129.707517628917,2.28509564718971,19,7195510,7295510,411,1.82981416020593,0.434673340156767
21523,536,109.180750651376,129.763743084009,1.21963550975644,19,9255510,9355510,411,0.5359824009888,1.53389771181456
21524,536,109.914261961209,129.688019954192,1.23802818035978,19,10015510,10115510,411,0.855731742366034,0.981466346580557
21525,536,110.444662302124,129.570395632669,1.69795617833351,19,10335510,10435510,411,1.39555406448944,0.412387506808572
21526,536,110.71668407827,129.523999039642,1.71379448870231,19,10755510,10855510,411,1.37223774217795,0.428449411474273
21527,536,111.779119802833,130.327020160581,2.19354136035309,19,11455510,11555510,411,2.27945684279177,0.0441863918463245
21528,536,112.730481332128,129.406858304367,1.96023961458434,19,12895510,12995510,411,1.23343957294866,0.415092343566538
21529,536,112.243575092027,130.56869852806,2.76099341788773,19,14895510,14995510,411,2.26643816316181,0.415851451063336
21530,536,111.268737533703,129.669723136281,2.40668398140592,19,16335510,16435510,411,2.10581921131508,0.396314965538491
21531,536,113.379762472688,128.852996444091,1.06697738115705,19,17195510,17295510,411,0.36542533637942,1.10593828124088
21532,536,112.841482760593,128.877024514758,1.56671898445279,19,18075510,18175510,411,0.714770028199239,0.94108334336421
21533,536,113.165917390717,129.012268738333,1.18125110333732,19,19555510,19655510,411,0.613537411937814,0.861192132291497
21534,536,112.980446101818,128.816392133271,0.974732111086385,19,20915510,21015510,411,0.419717045378297,0.965697102522831
21535,536,113.324432967544,129.13725493213,1.57929073760977,19,21995510,22095510,411,0.606039656246507,0.823807082714337
21536,536,113.272372012327,129.334797736321,2.53071646219721,19,22535510,22635510,411,1.07434533336561,0.785471972575732
21537,536,113.237057790054,129.379784272771,2.7162519845889,19,23515510,23615510,411,1.20042038857461,0.829216816254365
21538,536,112.070169909443,129.851392971078,3.11999159658386,19,24535510,24635510,411,2.13640674416761,0.63477993476695
21539,536,112.57135738504,129.881992156973,2.72484165600997,19,25235510,25335510,411,1.91934511809646,0.52510916934624
21540,536,112.369300837715,128.996736546745,2.55035693523132,19,26475510,26575510,411,1.41627062830249,1.04483185360301
21541,536,112.652836399511,129.743039436825,2.83390030889528,19,28755510,28855510,411,1.84688850582258,0.672341633438328
21542,536,112.374520298583,128.74333285667,2.25083965513057,19,30335510,30435510,411,1.10910292715304,1.15899145412514
21543,536,113.813079297423,129.686955815246,2.02955854808326,19,31135510,31235510,411,0.650202439226718,0.668417443930887
21544,536,113.724492178302,129.638943078738,3.06755830678083,19,32175510,32275510,411,1.28356433156778,0.750129168296557
21545,536,113.975070680426,129.891219615057,2.77660961194529,19,32875510,32975510,411,0.961827300703823,0.606110444270133
21546,536,108.893104061439,130.221941909135,1.00266168888856,19,33715510,33815510,411,0.257903887001878,1.93514162997266
21547,536,108.925254002895,130.25358869756,1.35383905503327,19,34475510,34575510,411,0.583202733271728,1.75332953647407
21548,536,113.013627135907,129.196958233741,1.67500992374565,19,35455510,35555510,411,0.87337345142373,0.639632680374267
21549,536,112.284778715503,129.040461557315,2.5772272042485,19,36375510,36475510,411,1.50740539898953,0.989658312853355
21550,536,113.769722205717,129.330453624205,1.27682127016694,19,37035510,37135510,411,0.437766652453731,0.997966476382108
21551,536,113.743308047535,129.5051907052,1.92803159299413,19,38275510,38375510,411,0.593499695341982,0.824256124083985
21552,536,112.110796749496,128.38199571243,1.78734311363761,19,39795510,39895510,411,0.955185131180447,1.44296955602638
21553,536,110.820101447474,128.506952743327,2.68851028180323,19,41215510,41315510,411,1.98528423413063,1.47165771666724
21554,536,109.113614547982,129.837858336847,1.84682108592311,19,42775510,42875510,411,0.854162492521003,1.38233760919068
21555,536,111.747423213982,129.499689531661,3.71779849284977,19,44343676,44443676,411,1.95747346812415,1.13834623037138
21556,536,112.862198003156,130.06827172267,3.3309855389599,19,44755510,44855510,411,1.53848133996986,0.373276940576546
21557,536,109.617916456454,129.562354890073,2.65877230626159,19,45355510,45455510,411,1.49545538674371,1.10168847099571
21558,536,111.270739103942,129.247846667479,4.31220281648543,19,45855510,45955510,411,1.73031274838097,1.80252451661857
21559,536,111.242339632087,128.913715231657,4.16117582963207,19,46235510,46335510,411,1.85682975865443,1.80876477830266
21560,536,112.705179419174,129.682198709248,3.33873561694825,19,47175510,47275510,411,1.73810563597826,0.777191438534493
21561,536,112.944223296848,129.61651419102,2.39631596095208,19,48995510,49095510,411,1.36773816883114,0.428213755176998
21562,536,108.801429632496,129.81787713641,0.900740462602414,19,51535510,51635510,411,0.136003108039173,2.02466026818713
21563,536,111.815023824458,129.230954417597,2.7901224184792,19,53255510,53355510,411,2.01781453767635,0.624003558242811
21564,536,112.807922479243,129.863004355043,3.32041312884757,19,54435510,54535510,411,1.63171275856945,0.568909202932265
21565,536,110.007556304038,129.561520310688,2.27523774833174,19,55775510,55875510,411,1.65650043515021,0.594505970461053
21566,536,109.969529596425,129.9421957064,2.06308675874741,19,56935510,57035510,411,1.63500192124286,0.530957327748898
21567,536,110.255221926178,130.112327470997,2.01437476539907,19,58395510,58495510,411,1.75050298488927,0.374574285703367
21568,536,114.388529197039,129.812739316567,1.79505603602686,19,60245312,60345312,411,0.12275983013022,1.0109178762824
